	intron	intergenic	five_prime_UTR	three_prime_UTR	CDS
simulated_1	9.0	0.0	0.0	1.0	7.0
simulated_2	3.0	3.0	0.0	3.0	11.0
simulated_3	1.0	2.0	0.0	6.0	11.0
simulated_4	0.0	2.0	1.0	4.0	9.0
simulated_5	0.0	2.0	0.0	6.0	14.0
simulated_6	0.0	4.0	1.0	3.0	17.0
simulated_7	0.0	2.0	3.0	5.0	16.0
simulated_8	0.0	4.0	2.0	5.0	17.0
simulated_9	0.0	4.0	1.0	7.0	11.0
simulated_10	0.0	4.0	1.0	2.0	18.0
simulated_11	0.0	1.0	0.0	5.0	10.0
simulated_12	0.0	2.0	1.0	5.0	11.0
simulated_13	0.0	2.0	3.0	7.0	10.0
simulated_14	0.0	3.0	1.0	5.0	9.0
simulated_15	0.0	5.0	2.0	2.0	10.0
simulated_16	0.0	3.0	1.0	3.0	9.0
simulated_17	0.0	2.0	2.0	4.0	9.0
simulated_18	0.0	1.0	2.0	1.0	17.0
simulated_19	0.0	1.0	1.0	0.0	14.0
simulated_20	0.0	1.0	1.0	5.0	7.0
simulated_21	0.0	2.0	2.0	2.0	8.0
simulated_22	0.0	2.0	0.0	6.0	12.0
simulated_23	0.0	4.0	0.0	5.0	9.0
simulated_24	0.0	3.0	2.0	2.0	15.0
simulated_25	0.0	3.0	3.0	2.0	16.0
simulated_26	0.0	2.0	3.0	4.0	12.0
simulated_27	0.0	1.0	1.0	3.0	11.0
simulated_28	0.0	4.0	2.0	4.0	17.0
simulated_29	0.0	3.0	4.0	4.0	13.0
simulated_30	0.0	4.0	2.0	4.0	12.0
simulated_31	0.0	3.0	1.0	4.0	9.0
simulated_32	0.0	4.0	2.0	3.0	13.0
simulated_33	0.0	4.0	1.0	4.0	8.0
simulated_34	0.0	2.0	2.0	4.0	12.0
simulated_35	0.0	1.0	2.0	4.0	10.0
simulated_36	0.0	2.0	5.0	4.0	25.0
simulated_37	0.0	3.0	0.0	7.0	7.0
simulated_38	0.0	3.0	3.0	3.0	9.0
simulated_39	0.0	6.0	2.0	5.0	14.0
simulated_40	0.0	1.0	1.0	6.0	12.0
simulated_41	0.0	5.0	0.0	0.0	8.0
simulated_42	0.0	4.0	1.0	4.0	13.0
simulated_43	0.0	3.0	1.0	4.0	4.0
simulated_44	0.0	2.0	3.0	3.0	12.0
simulated_45	0.0	4.0	0.0	1.0	14.0
simulated_46	0.0	2.0	1.0	4.0	6.0
simulated_47	0.0	7.0	3.0	3.0	18.0
simulated_48	0.0	4.0	0.0	1.0	14.0
simulated_49	0.0	2.0	2.0	5.0	13.0
simulated_50	0.0	3.0	2.0	3.0	8.0
simulated_51	0.0	5.0	0.0	2.0	18.0
simulated_52	0.0	1.0	1.0	2.0	17.0
simulated_53	0.0	0.0	2.0	2.0	16.0
simulated_54	0.0	7.0	4.0	6.0	10.0
simulated_55	0.0	2.0	0.0	1.0	7.0
simulated_56	0.0	3.0	1.0	2.0	12.0
simulated_57	0.0	1.0	4.0	2.0	12.0
simulated_58	0.0	2.0	2.0	6.0	7.0
simulated_59	0.0	4.0	1.0	4.0	13.0
simulated_60	0.0	2.0	2.0	3.0	8.0
simulated_61	0.0	2.0	2.0	6.0	11.0
simulated_62	0.0	1.0	1.0	7.0	11.0
simulated_63	0.0	2.0	0.0	4.0	5.0
simulated_64	0.0	2.0	3.0	3.0	16.0
simulated_65	0.0	3.0	3.0	4.0	10.0
simulated_66	0.0	7.0	3.0	4.0	12.0
simulated_67	0.0	2.0	3.0	4.0	20.0
simulated_68	0.0	3.0	1.0	3.0	19.0
simulated_69	0.0	2.0	1.0	4.0	14.0
simulated_70	0.0	1.0	1.0	3.0	16.0
simulated_71	0.0	2.0	1.0	4.0	12.0
simulated_72	0.0	1.0	1.0	3.0	8.0
simulated_73	0.0	4.0	2.0	3.0	17.0
simulated_74	0.0	4.0	0.0	1.0	9.0
simulated_75	0.0	3.0	1.0	5.0	11.0
simulated_76	0.0	4.0	3.0	5.0	12.0
simulated_77	0.0	4.0	1.0	1.0	10.0
simulated_78	0.0	4.0	1.0	4.0	12.0
simulated_79	0.0	2.0	2.0	4.0	15.0
simulated_80	0.0	3.0	0.0	4.0	15.0
simulated_81	0.0	2.0	1.0	4.0	18.0
simulated_82	0.0	5.0	3.0	4.0	14.0
simulated_83	0.0	2.0	3.0	6.0	18.0
simulated_84	0.0	5.0	0.0	3.0	9.0
simulated_85	0.0	0.0	1.0	4.0	19.0
simulated_86	0.0	5.0	1.0	6.0	10.0
simulated_87	0.0	3.0	1.0	4.0	16.0
simulated_88	0.0	3.0	2.0	4.0	16.0
simulated_89	0.0	3.0	0.0	4.0	11.0
simulated_90	0.0	1.0	0.0	4.0	11.0
simulated_91	0.0	2.0	1.0	3.0	12.0
simulated_92	0.0	4.0	1.0	7.0	8.0
simulated_93	0.0	5.0	2.0	6.0	15.0
simulated_94	0.0	1.0	5.0	7.0	15.0
simulated_95	0.0	3.0	1.0	4.0	7.0
simulated_96	0.0	3.0	2.0	3.0	10.0
simulated_97	0.0	2.0	0.0	2.0	14.0
simulated_98	0.0	1.0	1.0	6.0	10.0
simulated_99	0.0	4.0	0.0	2.0	14.0
simulated_100	0.0	3.0	0.0	9.0	11.0
simulated_101	0.0	2.0	2.0	2.0	10.0
simulated_102	0.0	3.0	2.0	6.0	16.0
simulated_103	0.0	1.0	1.0	5.0	13.0
simulated_104	0.0	2.0	3.0	4.0	8.0
simulated_105	0.0	1.0	3.0	3.0	14.0
simulated_106	0.0	1.0	0.0	4.0	13.0
simulated_107	0.0	5.0	1.0	2.0	16.0
simulated_108	0.0	4.0	1.0	1.0	17.0
simulated_109	0.0	2.0	2.0	5.0	10.0
simulated_110	0.0	3.0	3.0	4.0	9.0
simulated_111	0.0	6.0	0.0	5.0	11.0
simulated_112	0.0	3.0	0.0	6.0	11.0
simulated_113	0.0	3.0	2.0	3.0	17.0
simulated_114	0.0	6.0	1.0	6.0	16.0
simulated_115	0.0	0.0	2.0	5.0	15.0
simulated_116	0.0	4.0	1.0	5.0	10.0
simulated_117	0.0	2.0	0.0	2.0	11.0
simulated_118	0.0	4.0	1.0	6.0	12.0
simulated_119	0.0	1.0	1.0	2.0	19.0
simulated_120	0.0	4.0	2.0	2.0	15.0
simulated_121	0.0	3.0	1.0	2.0	13.0
simulated_122	0.0	1.0	1.0	3.0	9.0
simulated_123	0.0	1.0	4.0	2.0	18.0
simulated_124	0.0	7.0	1.0	3.0	12.0
simulated_125	0.0	2.0	1.0	4.0	12.0
simulated_126	0.0	4.0	1.0	5.0	13.0
simulated_127	0.0	2.0	2.0	3.0	13.0
simulated_128	0.0	1.0	0.0	2.0	17.0
simulated_129	0.0	4.0	3.0	1.0	10.0
simulated_130	0.0	1.0	2.0	4.0	10.0
simulated_131	0.0	2.0	1.0	1.0	9.0
simulated_132	0.0	2.0	1.0	3.0	14.0
simulated_133	0.0	3.0	1.0	5.0	7.0
simulated_134	0.0	2.0	1.0	5.0	12.0
simulated_135	0.0	3.0	4.0	3.0	19.0
simulated_136	0.0	3.0	5.0	8.0	12.0
simulated_137	0.0	2.0	0.0	4.0	20.0
simulated_138	0.0	0.0	1.0	4.0	13.0
simulated_139	0.0	0.0	2.0	7.0	17.0
simulated_140	0.0	3.0	2.0	3.0	18.0
simulated_141	0.0	2.0	1.0	5.0	15.0
simulated_142	0.0	4.0	3.0	3.0	11.0
simulated_143	0.0	3.0	1.0	3.0	9.0
simulated_144	0.0	2.0	1.0	1.0	12.0
simulated_145	0.0	2.0	0.0	0.0	19.0
simulated_146	0.0	6.0	2.0	1.0	15.0
simulated_147	0.0	6.0	1.0	2.0	13.0
simulated_148	0.0	6.0	0.0	4.0	20.0
simulated_149	0.0	2.0	0.0	5.0	10.0
simulated_150	0.0	1.0	1.0	5.0	13.0
simulated_151	0.0	1.0	2.0	7.0	16.0
simulated_152	0.0	3.0	1.0	6.0	16.0
simulated_153	0.0	3.0	1.0	6.0	12.0
simulated_154	0.0	3.0	5.0	4.0	15.0
simulated_155	0.0	3.0	1.0	2.0	13.0
simulated_156	0.0	5.0	0.0	1.0	14.0
simulated_157	0.0	5.0	2.0	3.0	14.0
simulated_158	0.0	2.0	1.0	1.0	5.0
simulated_159	0.0	2.0	1.0	8.0	13.0
simulated_160	0.0	1.0	2.0	11.0	9.0
simulated_161	0.0	1.0	1.0	6.0	12.0
simulated_162	0.0	3.0	3.0	3.0	8.0
simulated_163	0.0	5.0	0.0	3.0	11.0
simulated_164	0.0	2.0	0.0	3.0	14.0
simulated_165	0.0	1.0	5.0	6.0	17.0
simulated_166	0.0	2.0	0.0	5.0	6.0
simulated_167	0.0	2.0	0.0	2.0	12.0
simulated_168	0.0	2.0	1.0	3.0	16.0
simulated_169	0.0	1.0	2.0	1.0	10.0
simulated_170	0.0	4.0	1.0	4.0	12.0
simulated_171	0.0	1.0	2.0	11.0	15.0
simulated_172	0.0	2.0	2.0	4.0	8.0
simulated_173	0.0	2.0	1.0	5.0	13.0
simulated_174	0.0	4.0	0.0	7.0	9.0
simulated_175	0.0	2.0	0.0	2.0	16.0
simulated_176	0.0	1.0	0.0	3.0	13.0
simulated_177	0.0	3.0	1.0	1.0	13.0
simulated_178	0.0	6.0	0.0	3.0	8.0
simulated_179	0.0	5.0	3.0	8.0	9.0
simulated_180	0.0	4.0	1.0	7.0	5.0
simulated_181	0.0	5.0	1.0	2.0	15.0
simulated_182	0.0	5.0	1.0	5.0	16.0
simulated_183	0.0	2.0	0.0	6.0	16.0
simulated_184	0.0	6.0	3.0	1.0	7.0
simulated_185	0.0	2.0	0.0	3.0	10.0
simulated_186	0.0	5.0	0.0	3.0	10.0
simulated_187	0.0	1.0	3.0	2.0	13.0
simulated_188	0.0	1.0	0.0	8.0	14.0
simulated_189	0.0	5.0	3.0	6.0	18.0
simulated_190	0.0	5.0	1.0	5.0	14.0
simulated_191	0.0	6.0	0.0	5.0	9.0
simulated_192	0.0	1.0	3.0	4.0	11.0
simulated_193	0.0	1.0	1.0	3.0	15.0
simulated_194	0.0	3.0	1.0	3.0	10.0
simulated_195	0.0	2.0	1.0	4.0	10.0
simulated_196	0.0	1.0	0.0	3.0	17.0
simulated_197	0.0	2.0	1.0	5.0	11.0
simulated_198	0.0	5.0	4.0	4.0	13.0
simulated_199	0.0	3.0	1.0	5.0	12.0
simulated_200	0.0	1.0	1.0	6.0	11.0
simulated_201	0.0	2.0	5.0	5.0	9.0
simulated_202	0.0	0.0	1.0	4.0	13.0
simulated_203	0.0	6.0	2.0	3.0	15.0
simulated_204	0.0	2.0	2.0	3.0	15.0
simulated_205	0.0	3.0	5.0	4.0	12.0
simulated_206	0.0	3.0	3.0	2.0	9.0
simulated_207	0.0	5.0	0.0	5.0	13.0
simulated_208	0.0	1.0	1.0	7.0	11.0
simulated_209	0.0	3.0	5.0	5.0	11.0
simulated_210	0.0	1.0	1.0	5.0	14.0
simulated_211	0.0	3.0	1.0	1.0	5.0
simulated_212	0.0	4.0	2.0	7.0	15.0
simulated_213	0.0	6.0	4.0	6.0	10.0
simulated_214	0.0	3.0	4.0	5.0	15.0
simulated_215	0.0	3.0	2.0	7.0	14.0
simulated_216	0.0	4.0	1.0	4.0	12.0
simulated_217	0.0	3.0	2.0	4.0	11.0
simulated_218	0.0	3.0	0.0	7.0	13.0
simulated_219	0.0	1.0	0.0	3.0	19.0
simulated_220	0.0	1.0	0.0	3.0	13.0
simulated_221	0.0	3.0	2.0	6.0	12.0
simulated_222	0.0	2.0	1.0	9.0	6.0
simulated_223	0.0	4.0	1.0	2.0	17.0
simulated_224	0.0	2.0	1.0	5.0	10.0
simulated_225	0.0	4.0	0.0	3.0	13.0
simulated_226	0.0	1.0	1.0	5.0	19.0
simulated_227	0.0	3.0	0.0	5.0	13.0
simulated_228	0.0	2.0	0.0	3.0	13.0
simulated_229	0.0	2.0	0.0	3.0	7.0
simulated_230	0.0	6.0	1.0	4.0	15.0
simulated_231	0.0	2.0	0.0	4.0	14.0
simulated_232	0.0	1.0	1.0	2.0	10.0
simulated_233	0.0	7.0	0.0	3.0	15.0
simulated_234	0.0	2.0	1.0	2.0	11.0
simulated_235	0.0	3.0	0.0	7.0	15.0
simulated_236	0.0	5.0	1.0	5.0	14.0
simulated_237	0.0	2.0	1.0	5.0	20.0
simulated_238	0.0	1.0	1.0	5.0	15.0
simulated_239	0.0	3.0	0.0	1.0	12.0
simulated_240	0.0	2.0	1.0	4.0	17.0
simulated_241	0.0	2.0	2.0	4.0	23.0
simulated_242	0.0	1.0	4.0	4.0	14.0
simulated_243	0.0	2.0	2.0	0.0	13.0
simulated_244	0.0	5.0	0.0	4.0	18.0
simulated_245	0.0	4.0	0.0	4.0	17.0
simulated_246	0.0	9.0	2.0	4.0	15.0
simulated_247	0.0	2.0	2.0	6.0	13.0
simulated_248	0.0	3.0	2.0	3.0	10.0
simulated_249	0.0	4.0	1.0	2.0	18.0
simulated_250	0.0	1.0	2.0	2.0	8.0
simulated_251	0.0	3.0	0.0	4.0	7.0
simulated_252	0.0	2.0	4.0	7.0	14.0
simulated_253	0.0	4.0	1.0	1.0	17.0
simulated_254	0.0	3.0	3.0	1.0	11.0
simulated_255	0.0	3.0	3.0	1.0	11.0
simulated_256	0.0	2.0	4.0	2.0	10.0
simulated_257	0.0	4.0	3.0	2.0	10.0
simulated_258	0.0	2.0	1.0	4.0	15.0
simulated_259	0.0	3.0	0.0	2.0	10.0
simulated_260	0.0	3.0	2.0	5.0	9.0
simulated_261	0.0	0.0	3.0	4.0	12.0
simulated_262	0.0	4.0	1.0	1.0	6.0
simulated_263	0.0	1.0	0.0	3.0	11.0
simulated_264	0.0	0.0	1.0	4.0	8.0
simulated_265	0.0	2.0	1.0	2.0	15.0
simulated_266	0.0	2.0	0.0	6.0	10.0
simulated_267	0.0	0.0	1.0	8.0	11.0
simulated_268	0.0	1.0	0.0	3.0	10.0
simulated_269	0.0	1.0	5.0	2.0	9.0
simulated_270	0.0	1.0	3.0	5.0	11.0
simulated_271	0.0	0.0	0.0	2.0	11.0
simulated_272	0.0	6.0	0.0	0.0	9.0
simulated_273	0.0	2.0	2.0	2.0	9.0
simulated_274	0.0	2.0	1.0	1.0	9.0
simulated_275	0.0	1.0	0.0	5.0	14.0
simulated_276	0.0	2.0	1.0	1.0	16.0
simulated_277	0.0	3.0	0.0	4.0	13.0
simulated_278	0.0	1.0	1.0	4.0	17.0
simulated_279	0.0	2.0	0.0	3.0	13.0
simulated_280	0.0	6.0	2.0	5.0	15.0
simulated_281	0.0	2.0	0.0	2.0	16.0
simulated_282	0.0	3.0	1.0	4.0	15.0
simulated_283	0.0	5.0	1.0	3.0	6.0
simulated_284	0.0	1.0	2.0	2.0	11.0
simulated_285	0.0	2.0	2.0	3.0	15.0
simulated_286	0.0	1.0	3.0	3.0	11.0
simulated_287	0.0	2.0	0.0	4.0	14.0
simulated_288	0.0	1.0	6.0	4.0	10.0
simulated_289	0.0	1.0	1.0	3.0	9.0
simulated_290	0.0	2.0	0.0	6.0	12.0
simulated_291	0.0	5.0	1.0	9.0	20.0
simulated_292	0.0	5.0	3.0	5.0	13.0
simulated_293	0.0	4.0	1.0	4.0	15.0
simulated_294	0.0	3.0	1.0	4.0	9.0
simulated_295	0.0	2.0	0.0	3.0	14.0
simulated_296	0.0	3.0	3.0	4.0	21.0
simulated_297	0.0	2.0	2.0	4.0	12.0
simulated_298	0.0	1.0	2.0	3.0	14.0
simulated_299	0.0	1.0	0.0	3.0	13.0
simulated_300	0.0	0.0	2.0	5.0	14.0
simulated_301	0.0	5.0	1.0	4.0	18.0
simulated_302	0.0	3.0	2.0	7.0	15.0
simulated_303	0.0	3.0	3.0	4.0	8.0
simulated_304	0.0	4.0	1.0	6.0	9.0
simulated_305	0.0	4.0	1.0	4.0	16.0
simulated_306	0.0	2.0	3.0	4.0	11.0
simulated_307	0.0	3.0	1.0	3.0	4.0
simulated_308	0.0	3.0	0.0	3.0	19.0
simulated_309	0.0	1.0	1.0	2.0	6.0
simulated_310	0.0	2.0	1.0	2.0	15.0
simulated_311	0.0	3.0	1.0	3.0	13.0
simulated_312	0.0	1.0	3.0	5.0	15.0
simulated_313	0.0	3.0	2.0	4.0	10.0
simulated_314	0.0	4.0	1.0	1.0	5.0
simulated_315	0.0	3.0	0.0	3.0	8.0
simulated_316	0.0	4.0	1.0	3.0	15.0
simulated_317	0.0	2.0	1.0	3.0	15.0
simulated_318	0.0	1.0	1.0	5.0	12.0
simulated_319	0.0	2.0	1.0	2.0	14.0
simulated_320	0.0	0.0	2.0	6.0	14.0
simulated_321	0.0	6.0	2.0	2.0	19.0
simulated_322	0.0	5.0	3.0	4.0	9.0
simulated_323	0.0	2.0	0.0	2.0	10.0
simulated_324	0.0	2.0	2.0	2.0	14.0
simulated_325	0.0	2.0	0.0	3.0	11.0
simulated_326	0.0	2.0	2.0	4.0	13.0
simulated_327	0.0	2.0	2.0	7.0	15.0
simulated_328	0.0	5.0	0.0	5.0	15.0
simulated_329	0.0	2.0	0.0	8.0	11.0
simulated_330	0.0	4.0	0.0	4.0	19.0
simulated_331	0.0	4.0	2.0	3.0	4.0
simulated_332	0.0	1.0	2.0	3.0	15.0
simulated_333	0.0	0.0	3.0	3.0	16.0
simulated_334	0.0	1.0	2.0	1.0	16.0
simulated_335	0.0	2.0	1.0	2.0	9.0
simulated_336	0.0	2.0	4.0	3.0	12.0
simulated_337	0.0	4.0	4.0	2.0	16.0
simulated_338	0.0	3.0	1.0	5.0	18.0
simulated_339	0.0	1.0	0.0	5.0	12.0
simulated_340	0.0	4.0	1.0	2.0	10.0
simulated_341	0.0	2.0	0.0	3.0	7.0
simulated_342	0.0	2.0	2.0	3.0	12.0
simulated_343	0.0	2.0	0.0	4.0	11.0
simulated_344	0.0	2.0	0.0	1.0	15.0
simulated_345	0.0	4.0	2.0	1.0	7.0
simulated_346	0.0	2.0	2.0	3.0	13.0
simulated_347	0.0	3.0	2.0	4.0	7.0
simulated_348	0.0	2.0	0.0	5.0	7.0
simulated_349	0.0	4.0	0.0	2.0	9.0
simulated_350	0.0	3.0	0.0	4.0	17.0
simulated_351	0.0	3.0	2.0	2.0	18.0
simulated_352	0.0	7.0	1.0	1.0	12.0
simulated_353	0.0	4.0	1.0	4.0	12.0
simulated_354	0.0	2.0	1.0	3.0	14.0
simulated_355	0.0	4.0	2.0	5.0	17.0
simulated_356	0.0	1.0	1.0	3.0	15.0
simulated_357	0.0	2.0	1.0	6.0	12.0
simulated_358	0.0	3.0	2.0	4.0	8.0
simulated_359	0.0	3.0	2.0	7.0	14.0
simulated_360	0.0	2.0	0.0	3.0	9.0
simulated_361	0.0	5.0	0.0	5.0	14.0
simulated_362	0.0	5.0	3.0	2.0	12.0
simulated_363	0.0	0.0	2.0	5.0	18.0
simulated_364	0.0	5.0	1.0	1.0	8.0
simulated_365	0.0	2.0	2.0	2.0	11.0
simulated_366	0.0	4.0	1.0	4.0	11.0
simulated_367	0.0	2.0	5.0	4.0	14.0
simulated_368	0.0	2.0	3.0	1.0	13.0
simulated_369	0.0	5.0	0.0	2.0	12.0
simulated_370	0.0	1.0	0.0	3.0	9.0
simulated_371	0.0	3.0	1.0	5.0	13.0
simulated_372	0.0	3.0	1.0	3.0	12.0
simulated_373	0.0	3.0	4.0	4.0	11.0
simulated_374	0.0	4.0	2.0	5.0	12.0
simulated_375	0.0	2.0	1.0	6.0	10.0
simulated_376	0.0	1.0	1.0	3.0	10.0
simulated_377	0.0	3.0	3.0	2.0	10.0
simulated_378	0.0	3.0	0.0	5.0	9.0
simulated_379	0.0	3.0	1.0	3.0	5.0
simulated_380	0.0	2.0	2.0	3.0	17.0
simulated_381	0.0	2.0	2.0	7.0	17.0
simulated_382	0.0	2.0	1.0	5.0	9.0
simulated_383	0.0	6.0	3.0	6.0	11.0
simulated_384	0.0	3.0	0.0	4.0	10.0
simulated_385	0.0	3.0	0.0	3.0	14.0
simulated_386	0.0	3.0	2.0	6.0	9.0
simulated_387	0.0	4.0	2.0	4.0	12.0
simulated_388	0.0	1.0	0.0	2.0	11.0
simulated_389	0.0	3.0	1.0	3.0	14.0
simulated_390	0.0	4.0	2.0	7.0	17.0
simulated_391	0.0	4.0	2.0	4.0	11.0
simulated_392	0.0	2.0	2.0	2.0	8.0
simulated_393	0.0	3.0	1.0	3.0	10.0
simulated_394	0.0	3.0	1.0	4.0	15.0
simulated_395	0.0	7.0	0.0	1.0	19.0
simulated_396	0.0	6.0	2.0	3.0	12.0
simulated_397	0.0	1.0	0.0	2.0	14.0
simulated_398	0.0	1.0	0.0	3.0	10.0
simulated_399	0.0	1.0	3.0	2.0	13.0
simulated_400	0.0	1.0	0.0	3.0	12.0
simulated_401	0.0	1.0	2.0	4.0	12.0
simulated_402	0.0	3.0	2.0	6.0	13.0
simulated_403	0.0	1.0	2.0	1.0	11.0
simulated_404	0.0	5.0	0.0	4.0	11.0
simulated_405	0.0	6.0	0.0	2.0	9.0
simulated_406	0.0	3.0	2.0	1.0	10.0
simulated_407	0.0	0.0	0.0	2.0	9.0
simulated_408	0.0	0.0	1.0	4.0	14.0
simulated_409	0.0	3.0	2.0	2.0	11.0
simulated_410	0.0	5.0	0.0	8.0	11.0
simulated_411	0.0	6.0	0.0	4.0	8.0
simulated_412	0.0	1.0	3.0	3.0	10.0
simulated_413	0.0	2.0	2.0	4.0	11.0
simulated_414	0.0	4.0	0.0	2.0	11.0
simulated_415	0.0	2.0	2.0	5.0	10.0
simulated_416	0.0	1.0	1.0	4.0	12.0
simulated_417	0.0	1.0	2.0	5.0	9.0
simulated_418	0.0	4.0	2.0	3.0	10.0
simulated_419	0.0	1.0	1.0	4.0	11.0
simulated_420	0.0	2.0	2.0	3.0	11.0
simulated_421	0.0	1.0	1.0	4.0	11.0
simulated_422	0.0	4.0	0.0	8.0	15.0
simulated_423	0.0	2.0	1.0	2.0	15.0
simulated_424	0.0	3.0	1.0	2.0	10.0
simulated_425	0.0	3.0	1.0	5.0	15.0
simulated_426	0.0	3.0	4.0	6.0	12.0
simulated_427	0.0	6.0	1.0	1.0	11.0
simulated_428	0.0	4.0	2.0	2.0	18.0
simulated_429	0.0	6.0	0.0	4.0	8.0
simulated_430	0.0	3.0	2.0	2.0	16.0
simulated_431	0.0	2.0	2.0	3.0	14.0
simulated_432	0.0	2.0	1.0	3.0	15.0
simulated_433	0.0	3.0	1.0	5.0	12.0
simulated_434	0.0	4.0	1.0	2.0	8.0
simulated_435	0.0	3.0	1.0	5.0	7.0
simulated_436	0.0	1.0	2.0	4.0	16.0
simulated_437	0.0	4.0	0.0	1.0	9.0
simulated_438	0.0	2.0	3.0	3.0	17.0
simulated_439	0.0	2.0	1.0	4.0	12.0
simulated_440	0.0	6.0	3.0	3.0	17.0
simulated_441	0.0	5.0	1.0	1.0	11.0
simulated_442	0.0	4.0	2.0	5.0	13.0
simulated_443	0.0	4.0	0.0	1.0	14.0
simulated_444	0.0	1.0	0.0	4.0	13.0
simulated_445	0.0	4.0	1.0	4.0	7.0
simulated_446	0.0	1.0	0.0	3.0	14.0
simulated_447	0.0	3.0	5.0	4.0	5.0
simulated_448	0.0	1.0	3.0	5.0	15.0
simulated_449	0.0	4.0	2.0	1.0	12.0
simulated_450	0.0	3.0	4.0	3.0	14.0
simulated_451	0.0	1.0	3.0	6.0	14.0
simulated_452	0.0	0.0	1.0	2.0	11.0
simulated_453	0.0	5.0	4.0	3.0	8.0
simulated_454	0.0	3.0	0.0	7.0	16.0
simulated_455	0.0	4.0	0.0	2.0	14.0
simulated_456	0.0	4.0	1.0	5.0	16.0
simulated_457	0.0	3.0	0.0	1.0	14.0
simulated_458	0.0	3.0	1.0	2.0	8.0
simulated_459	0.0	4.0	0.0	0.0	11.0
simulated_460	0.0	0.0	1.0	3.0	16.0
simulated_461	0.0	2.0	4.0	6.0	13.0
simulated_462	0.0	5.0	2.0	5.0	11.0
simulated_463	0.0	3.0	1.0	6.0	20.0
simulated_464	0.0	0.0	2.0	3.0	11.0
simulated_465	0.0	3.0	0.0	2.0	14.0
simulated_466	0.0	0.0	1.0	7.0	16.0
simulated_467	0.0	5.0	1.0	0.0	13.0
simulated_468	0.0	3.0	0.0	3.0	22.0
simulated_469	0.0	1.0	2.0	2.0	12.0
simulated_470	0.0	5.0	2.0	5.0	13.0
simulated_471	0.0	3.0	0.0	2.0	11.0
simulated_472	0.0	0.0	3.0	3.0	8.0
simulated_473	0.0	2.0	0.0	5.0	16.0
simulated_474	0.0	5.0	0.0	0.0	12.0
simulated_475	0.0	1.0	1.0	3.0	12.0
simulated_476	0.0	4.0	2.0	2.0	9.0
simulated_477	0.0	1.0	2.0	3.0	9.0
simulated_478	0.0	1.0	2.0	2.0	18.0
simulated_479	0.0	4.0	0.0	3.0	10.0
simulated_480	0.0	5.0	2.0	4.0	13.0
simulated_481	0.0	1.0	1.0	3.0	9.0
simulated_482	0.0	3.0	3.0	5.0	13.0
simulated_483	0.0	5.0	1.0	2.0	14.0
simulated_484	0.0	1.0	1.0	9.0	12.0
simulated_485	0.0	2.0	1.0	4.0	8.0
simulated_486	0.0	1.0	1.0	1.0	9.0
simulated_487	0.0	2.0	1.0	2.0	15.0
simulated_488	0.0	1.0	1.0	0.0	10.0
simulated_489	0.0	3.0	0.0	4.0	6.0
simulated_490	0.0	3.0	2.0	6.0	9.0
simulated_491	0.0	1.0	0.0	5.0	17.0
simulated_492	0.0	0.0	2.0	5.0	8.0
simulated_493	0.0	5.0	1.0	2.0	14.0
simulated_494	0.0	4.0	2.0	2.0	11.0
simulated_495	0.0	3.0	1.0	1.0	9.0
simulated_496	0.0	2.0	1.0	6.0	10.0
simulated_497	0.0	3.0	2.0	4.0	14.0
simulated_498	0.0	8.0	0.0	3.0	14.0
simulated_499	0.0	3.0	0.0	2.0	11.0
simulated_500	0.0	3.0	2.0	0.0	12.0
simulated_501	0.0	2.0	2.0	3.0	9.0
simulated_502	0.0	1.0	1.0	2.0	13.0
simulated_503	0.0	0.0	1.0	5.0	12.0
simulated_504	0.0	0.0	3.0	3.0	13.0
simulated_505	0.0	2.0	3.0	4.0	9.0
simulated_506	0.0	2.0	1.0	6.0	11.0
simulated_507	0.0	1.0	0.0	2.0	11.0
simulated_508	0.0	3.0	2.0	3.0	12.0
simulated_509	0.0	6.0	1.0	3.0	10.0
simulated_510	0.0	2.0	2.0	0.0	12.0
simulated_511	0.0	1.0	3.0	5.0	17.0
simulated_512	0.0	2.0	3.0	3.0	19.0
simulated_513	0.0	2.0	3.0	6.0	9.0
simulated_514	0.0	2.0	0.0	4.0	14.0
simulated_515	0.0	5.0	1.0	1.0	14.0
simulated_516	0.0	2.0	0.0	4.0	10.0
simulated_517	0.0	2.0	3.0	3.0	14.0
simulated_518	0.0	0.0	1.0	2.0	7.0
simulated_519	0.0	0.0	2.0	3.0	19.0
simulated_520	0.0	3.0	0.0	2.0	11.0
simulated_521	0.0	3.0	2.0	1.0	8.0
simulated_522	0.0	3.0	1.0	5.0	12.0
simulated_523	0.0	2.0	0.0	5.0	16.0
simulated_524	0.0	3.0	1.0	3.0	8.0
simulated_525	0.0	4.0	0.0	5.0	11.0
simulated_526	0.0	5.0	0.0	0.0	10.0
simulated_527	0.0	5.0	1.0	4.0	10.0
simulated_528	0.0	6.0	0.0	4.0	15.0
simulated_529	0.0	1.0	1.0	3.0	18.0
simulated_530	0.0	2.0	1.0	4.0	11.0
simulated_531	0.0	2.0	0.0	1.0	10.0
simulated_532	0.0	4.0	2.0	4.0	15.0
simulated_533	0.0	2.0	2.0	6.0	14.0
simulated_534	0.0	5.0	0.0	7.0	8.0
simulated_535	0.0	3.0	1.0	1.0	10.0
simulated_536	0.0	1.0	0.0	1.0	19.0
simulated_537	0.0	5.0	0.0	2.0	13.0
simulated_538	0.0	3.0	3.0	4.0	15.0
simulated_539	0.0	1.0	1.0	2.0	14.0
simulated_540	0.0	1.0	1.0	3.0	8.0
simulated_541	0.0	2.0	0.0	1.0	14.0
simulated_542	0.0	4.0	3.0	4.0	13.0
simulated_543	0.0	3.0	3.0	4.0	11.0
simulated_544	0.0	2.0	2.0	4.0	14.0
simulated_545	0.0	5.0	3.0	2.0	14.0
simulated_546	0.0	2.0	2.0	4.0	13.0
simulated_547	0.0	0.0	1.0	6.0	14.0
simulated_548	0.0	1.0	3.0	2.0	14.0
simulated_549	0.0	2.0	1.0	3.0	21.0
simulated_550	0.0	3.0	3.0	1.0	8.0
simulated_551	0.0	0.0	4.0	4.0	11.0
simulated_552	0.0	0.0	1.0	2.0	8.0
simulated_553	0.0	2.0	2.0	2.0	13.0
simulated_554	0.0	4.0	0.0	3.0	23.0
simulated_555	0.0	2.0	0.0	6.0	15.0
simulated_556	0.0	2.0	0.0	10.0	22.0
simulated_557	0.0	4.0	1.0	3.0	7.0
simulated_558	0.0	4.0	0.0	4.0	13.0
simulated_559	0.0	4.0	0.0	1.0	12.0
simulated_560	0.0	2.0	1.0	4.0	13.0
simulated_561	0.0	3.0	3.0	6.0	15.0
simulated_562	0.0	1.0	1.0	8.0	10.0
simulated_563	0.0	0.0	1.0	5.0	12.0
simulated_564	0.0	2.0	0.0	4.0	9.0
simulated_565	0.0	3.0	1.0	5.0	12.0
simulated_566	0.0	2.0	1.0	5.0	10.0
simulated_567	0.0	3.0	1.0	4.0	9.0
simulated_568	0.0	1.0	0.0	5.0	16.0
simulated_569	0.0	5.0	0.0	2.0	13.0
simulated_570	0.0	1.0	2.0	4.0	8.0
simulated_571	0.0	6.0	0.0	6.0	19.0
simulated_572	0.0	5.0	1.0	2.0	14.0
simulated_573	0.0	4.0	4.0	1.0	9.0
simulated_574	0.0	1.0	1.0	4.0	14.0
simulated_575	0.0	2.0	1.0	4.0	13.0
simulated_576	0.0	3.0	1.0	5.0	16.0
simulated_577	0.0	1.0	0.0	6.0	15.0
simulated_578	0.0	1.0	1.0	4.0	11.0
simulated_579	0.0	6.0	2.0	4.0	10.0
simulated_580	0.0	3.0	1.0	8.0	11.0
simulated_581	0.0	3.0	1.0	7.0	8.0
simulated_582	0.0	2.0	3.0	4.0	11.0
simulated_583	0.0	1.0	1.0	7.0	13.0
simulated_584	0.0	3.0	1.0	4.0	16.0
simulated_585	0.0	6.0	1.0	6.0	13.0
simulated_586	0.0	5.0	1.0	0.0	14.0
simulated_587	0.0	2.0	3.0	3.0	12.0
simulated_588	0.0	3.0	3.0	4.0	13.0
simulated_589	0.0	6.0	0.0	1.0	16.0
simulated_590	0.0	3.0	3.0	5.0	15.0
simulated_591	0.0	6.0	4.0	5.0	17.0
simulated_592	0.0	3.0	2.0	3.0	12.0
simulated_593	0.0	3.0	1.0	1.0	10.0
simulated_594	0.0	5.0	0.0	3.0	17.0
simulated_595	0.0	4.0	1.0	5.0	14.0
simulated_596	0.0	2.0	1.0	3.0	13.0
simulated_597	0.0	1.0	1.0	3.0	12.0
simulated_598	0.0	2.0	3.0	2.0	15.0
simulated_599	0.0	2.0	2.0	3.0	12.0
simulated_600	0.0	3.0	2.0	4.0	17.0
simulated_601	0.0	2.0	6.0	10.0	10.0
simulated_602	0.0	7.0	3.0	8.0	18.0
simulated_603	0.0	2.0	2.0	3.0	15.0
simulated_604	0.0	5.0	1.0	2.0	10.0
simulated_605	0.0	1.0	1.0	7.0	13.0
simulated_606	0.0	4.0	5.0	5.0	18.0
simulated_607	0.0	1.0	0.0	7.0	14.0
simulated_608	0.0	4.0	0.0	5.0	18.0
simulated_609	0.0	1.0	1.0	5.0	11.0
simulated_610	0.0	3.0	0.0	3.0	14.0
simulated_611	0.0	4.0	0.0	3.0	12.0
simulated_612	0.0	3.0	3.0	2.0	14.0
simulated_613	0.0	1.0	1.0	2.0	11.0
simulated_614	0.0	1.0	2.0	4.0	14.0
simulated_615	0.0	2.0	2.0	6.0	11.0
simulated_616	0.0	1.0	0.0	5.0	12.0
simulated_617	0.0	1.0	2.0	2.0	15.0
simulated_618	0.0	3.0	2.0	4.0	10.0
simulated_619	0.0	3.0	0.0	1.0	15.0
simulated_620	0.0	5.0	1.0	5.0	15.0
simulated_621	0.0	3.0	0.0	2.0	12.0
simulated_622	0.0	2.0	3.0	5.0	9.0
simulated_623	0.0	2.0	1.0	2.0	15.0
simulated_624	0.0	4.0	1.0	1.0	11.0
simulated_625	0.0	1.0	1.0	6.0	8.0
simulated_626	0.0	4.0	2.0	2.0	18.0
simulated_627	0.0	4.0	1.0	5.0	12.0
simulated_628	0.0	6.0	1.0	2.0	8.0
simulated_629	0.0	2.0	2.0	4.0	11.0
simulated_630	0.0	2.0	2.0	2.0	20.0
simulated_631	0.0	5.0	3.0	4.0	11.0
simulated_632	0.0	1.0	0.0	2.0	6.0
simulated_633	0.0	3.0	0.0	1.0	10.0
simulated_634	0.0	1.0	0.0	2.0	17.0
simulated_635	0.0	6.0	1.0	4.0	8.0
simulated_636	0.0	1.0	1.0	4.0	11.0
simulated_637	0.0	4.0	0.0	7.0	12.0
simulated_638	0.0	2.0	0.0	1.0	14.0
simulated_639	0.0	1.0	0.0	4.0	12.0
simulated_640	0.0	4.0	0.0	3.0	11.0
simulated_641	0.0	5.0	1.0	2.0	9.0
simulated_642	0.0	1.0	0.0	5.0	13.0
simulated_643	0.0	1.0	1.0	3.0	14.0
simulated_644	0.0	2.0	2.0	5.0	15.0
simulated_645	0.0	0.0	3.0	3.0	14.0
simulated_646	0.0	7.0	3.0	3.0	6.0
simulated_647	0.0	3.0	1.0	2.0	17.0
simulated_648	0.0	2.0	2.0	4.0	5.0
simulated_649	0.0	2.0	0.0	4.0	11.0
simulated_650	0.0	2.0	0.0	8.0	20.0
simulated_651	0.0	3.0	2.0	4.0	12.0
simulated_652	0.0	3.0	4.0	4.0	13.0
simulated_653	0.0	2.0	0.0	3.0	10.0
simulated_654	0.0	0.0	2.0	3.0	15.0
simulated_655	0.0	5.0	0.0	2.0	9.0
simulated_656	0.0	4.0	1.0	6.0	7.0
simulated_657	0.0	3.0	1.0	6.0	15.0
simulated_658	0.0	3.0	1.0	0.0	6.0
simulated_659	0.0	5.0	2.0	3.0	13.0
simulated_660	0.0	3.0	0.0	1.0	12.0
simulated_661	0.0	5.0	0.0	0.0	12.0
simulated_662	0.0	2.0	1.0	0.0	13.0
simulated_663	0.0	3.0	1.0	6.0	13.0
simulated_664	0.0	3.0	1.0	3.0	21.0
simulated_665	0.0	2.0	0.0	3.0	5.0
simulated_666	0.0	3.0	2.0	5.0	16.0
simulated_667	0.0	2.0	0.0	2.0	14.0
simulated_668	0.0	5.0	2.0	5.0	14.0
simulated_669	0.0	3.0	2.0	0.0	17.0
simulated_670	0.0	2.0	2.0	1.0	12.0
simulated_671	0.0	9.0	0.0	2.0	12.0
simulated_672	0.0	5.0	1.0	2.0	12.0
simulated_673	0.0	4.0	1.0	0.0	11.0
simulated_674	0.0	3.0	0.0	2.0	11.0
simulated_675	0.0	2.0	1.0	3.0	10.0
simulated_676	0.0	2.0	4.0	2.0	15.0
simulated_677	0.0	2.0	0.0	5.0	8.0
simulated_678	0.0	7.0	2.0	1.0	12.0
simulated_679	0.0	0.0	2.0	3.0	9.0
simulated_680	0.0	5.0	1.0	3.0	9.0
simulated_681	0.0	0.0	2.0	2.0	16.0
simulated_682	0.0	1.0	2.0	3.0	9.0
simulated_683	0.0	3.0	1.0	4.0	16.0
simulated_684	0.0	3.0	0.0	5.0	24.0
simulated_685	0.0	2.0	2.0	5.0	9.0
simulated_686	0.0	4.0	0.0	4.0	8.0
simulated_687	0.0	4.0	3.0	3.0	12.0
simulated_688	0.0	3.0	2.0	5.0	12.0
simulated_689	0.0	3.0	0.0	4.0	19.0
simulated_690	0.0	1.0	2.0	2.0	14.0
simulated_691	0.0	0.0	0.0	3.0	15.0
simulated_692	0.0	2.0	2.0	7.0	14.0
simulated_693	0.0	2.0	2.0	2.0	14.0
simulated_694	0.0	2.0	1.0	1.0	8.0
simulated_695	0.0	2.0	0.0	3.0	11.0
simulated_696	0.0	2.0	0.0	2.0	11.0
simulated_697	0.0	1.0	3.0	4.0	14.0
simulated_698	0.0	5.0	1.0	4.0	13.0
simulated_699	0.0	2.0	1.0	3.0	13.0
simulated_700	0.0	3.0	2.0	6.0	8.0
simulated_701	0.0	1.0	2.0	5.0	14.0
simulated_702	0.0	1.0	1.0	1.0	16.0
simulated_703	0.0	1.0	0.0	5.0	16.0
simulated_704	0.0	1.0	1.0	2.0	12.0
simulated_705	0.0	1.0	3.0	1.0	20.0
simulated_706	0.0	5.0	0.0	0.0	12.0
simulated_707	0.0	1.0	0.0	4.0	14.0
simulated_708	0.0	2.0	0.0	1.0	9.0
simulated_709	0.0	3.0	2.0	3.0	18.0
simulated_710	0.0	3.0	0.0	2.0	10.0
simulated_711	0.0	4.0	2.0	5.0	8.0
simulated_712	0.0	2.0	1.0	9.0	14.0
simulated_713	0.0	3.0	1.0	2.0	12.0
simulated_714	0.0	3.0	0.0	2.0	9.0
simulated_715	0.0	2.0	3.0	5.0	17.0
simulated_716	0.0	4.0	1.0	8.0	13.0
simulated_717	0.0	6.0	1.0	3.0	11.0
simulated_718	0.0	4.0	1.0	2.0	12.0
simulated_719	0.0	2.0	1.0	0.0	14.0
simulated_720	0.0	5.0	2.0	5.0	4.0
simulated_721	0.0	4.0	0.0	4.0	10.0
simulated_722	0.0	4.0	1.0	4.0	13.0
simulated_723	0.0	4.0	0.0	5.0	19.0
simulated_724	0.0	2.0	1.0	4.0	12.0
simulated_725	0.0	1.0	0.0	2.0	13.0
simulated_726	0.0	4.0	2.0	1.0	15.0
simulated_727	0.0	3.0	2.0	4.0	9.0
simulated_728	0.0	4.0	2.0	5.0	11.0
simulated_729	0.0	4.0	1.0	4.0	22.0
simulated_730	0.0	7.0	1.0	5.0	16.0
simulated_731	0.0	4.0	1.0	4.0	13.0
simulated_732	0.0	4.0	2.0	4.0	16.0
simulated_733	0.0	4.0	2.0	3.0	12.0
simulated_734	0.0	0.0	2.0	6.0	11.0
simulated_735	0.0	4.0	0.0	7.0	11.0
simulated_736	0.0	4.0	0.0	5.0	10.0
simulated_737	0.0	3.0	1.0	3.0	17.0
simulated_738	0.0	5.0	1.0	0.0	8.0
simulated_739	0.0	3.0	2.0	5.0	6.0
simulated_740	0.0	2.0	1.0	5.0	14.0
simulated_741	0.0	3.0	0.0	4.0	11.0
simulated_742	0.0	1.0	0.0	3.0	12.0
simulated_743	0.0	4.0	2.0	4.0	13.0
simulated_744	0.0	2.0	2.0	3.0	21.0
simulated_745	0.0	2.0	1.0	5.0	14.0
simulated_746	0.0	2.0	2.0	2.0	9.0
simulated_747	0.0	3.0	2.0	4.0	5.0
simulated_748	0.0	2.0	1.0	6.0	14.0
simulated_749	0.0	0.0	0.0	2.0	23.0
simulated_750	0.0	4.0	1.0	2.0	11.0
simulated_751	0.0	6.0	1.0	3.0	7.0
simulated_752	0.0	4.0	4.0	5.0	9.0
simulated_753	0.0	5.0	0.0	3.0	11.0
simulated_754	0.0	2.0	0.0	5.0	14.0
simulated_755	0.0	7.0	1.0	5.0	9.0
simulated_756	0.0	2.0	1.0	0.0	16.0
simulated_757	0.0	3.0	3.0	4.0	15.0
simulated_758	0.0	0.0	0.0	4.0	12.0
simulated_759	0.0	0.0	1.0	9.0	12.0
simulated_760	0.0	1.0	1.0	3.0	17.0
simulated_761	0.0	1.0	1.0	5.0	11.0
simulated_762	0.0	4.0	1.0	5.0	12.0
simulated_763	0.0	4.0	3.0	3.0	13.0
simulated_764	0.0	6.0	1.0	4.0	11.0
simulated_765	0.0	3.0	2.0	6.0	18.0
simulated_766	0.0	3.0	1.0	7.0	13.0
simulated_767	0.0	3.0	2.0	2.0	7.0
simulated_768	0.0	6.0	1.0	7.0	10.0
simulated_769	0.0	5.0	0.0	5.0	13.0
simulated_770	0.0	1.0	1.0	2.0	18.0
simulated_771	0.0	2.0	0.0	3.0	13.0
simulated_772	0.0	4.0	1.0	4.0	11.0
simulated_773	0.0	1.0	3.0	3.0	17.0
simulated_774	0.0	0.0	1.0	1.0	10.0
simulated_775	0.0	4.0	0.0	1.0	15.0
simulated_776	0.0	3.0	3.0	6.0	14.0
simulated_777	0.0	4.0	2.0	2.0	14.0
simulated_778	0.0	0.0	0.0	7.0	15.0
simulated_779	0.0	0.0	1.0	3.0	14.0
simulated_780	0.0	4.0	1.0	5.0	9.0
simulated_781	0.0	1.0	3.0	3.0	12.0
simulated_782	0.0	2.0	3.0	3.0	8.0
simulated_783	0.0	0.0	2.0	6.0	12.0
simulated_784	0.0	3.0	1.0	3.0	12.0
simulated_785	0.0	4.0	0.0	6.0	20.0
simulated_786	0.0	1.0	2.0	1.0	12.0
simulated_787	0.0	1.0	1.0	3.0	6.0
simulated_788	0.0	6.0	0.0	6.0	7.0
simulated_789	0.0	6.0	0.0	4.0	18.0
simulated_790	0.0	6.0	1.0	2.0	17.0
simulated_791	0.0	3.0	2.0	3.0	11.0
simulated_792	0.0	3.0	0.0	3.0	11.0
simulated_793	0.0	4.0	2.0	5.0	8.0
simulated_794	0.0	4.0	3.0	2.0	16.0
simulated_795	0.0	5.0	0.0	3.0	10.0
simulated_796	0.0	3.0	0.0	3.0	9.0
simulated_797	0.0	3.0	3.0	3.0	10.0
simulated_798	0.0	3.0	0.0	7.0	16.0
simulated_799	0.0	1.0	2.0	4.0	22.0
simulated_800	0.0	3.0	2.0	3.0	15.0
simulated_801	0.0	1.0	1.0	5.0	19.0
simulated_802	0.0	3.0	3.0	4.0	13.0
simulated_803	0.0	0.0	3.0	0.0	14.0
simulated_804	0.0	1.0	1.0	3.0	15.0
simulated_805	0.0	2.0	1.0	3.0	13.0
simulated_806	0.0	2.0	1.0	4.0	9.0
simulated_807	0.0	6.0	1.0	6.0	16.0
simulated_808	0.0	2.0	1.0	3.0	10.0
simulated_809	0.0	0.0	2.0	3.0	13.0
simulated_810	0.0	4.0	3.0	1.0	15.0
simulated_811	0.0	2.0	3.0	4.0	11.0
simulated_812	0.0	3.0	2.0	2.0	11.0
simulated_813	0.0	4.0	0.0	4.0	14.0
simulated_814	0.0	4.0	1.0	6.0	12.0
simulated_815	0.0	2.0	2.0	4.0	21.0
simulated_816	0.0	1.0	2.0	5.0	12.0
simulated_817	0.0	2.0	4.0	2.0	12.0
simulated_818	0.0	2.0	0.0	1.0	11.0
simulated_819	0.0	1.0	0.0	2.0	13.0
simulated_820	0.0	3.0	2.0	2.0	7.0
simulated_821	0.0	5.0	2.0	9.0	15.0
simulated_822	0.0	1.0	0.0	1.0	15.0
simulated_823	0.0	4.0	3.0	0.0	19.0
simulated_824	0.0	2.0	1.0	4.0	11.0
simulated_825	0.0	4.0	0.0	6.0	9.0
simulated_826	0.0	5.0	1.0	1.0	11.0
simulated_827	0.0	3.0	0.0	2.0	14.0
simulated_828	0.0	0.0	2.0	6.0	12.0
simulated_829	0.0	0.0	0.0	2.0	10.0
simulated_830	0.0	3.0	0.0	3.0	12.0
simulated_831	0.0	4.0	1.0	10.0	13.0
simulated_832	0.0	3.0	2.0	3.0	10.0
simulated_833	0.0	2.0	0.0	3.0	16.0
simulated_834	0.0	6.0	1.0	4.0	10.0
simulated_835	0.0	1.0	1.0	9.0	15.0
simulated_836	0.0	4.0	2.0	4.0	14.0
simulated_837	0.0	2.0	2.0	2.0	19.0
simulated_838	0.0	2.0	1.0	2.0	13.0
simulated_839	0.0	5.0	3.0	2.0	12.0
simulated_840	0.0	3.0	0.0	6.0	13.0
simulated_841	0.0	2.0	0.0	4.0	11.0
simulated_842	0.0	3.0	0.0	5.0	18.0
simulated_843	0.0	1.0	3.0	7.0	14.0
simulated_844	0.0	10.0	2.0	4.0	6.0
simulated_845	0.0	2.0	3.0	3.0	11.0
simulated_846	0.0	5.0	3.0	3.0	11.0
simulated_847	0.0	4.0	1.0	3.0	13.0
simulated_848	0.0	2.0	1.0	3.0	7.0
simulated_849	0.0	3.0	0.0	6.0	11.0
simulated_850	0.0	5.0	1.0	5.0	7.0
simulated_851	0.0	1.0	6.0	9.0	13.0
simulated_852	0.0	0.0	1.0	5.0	11.0
simulated_853	0.0	4.0	0.0	5.0	10.0
simulated_854	0.0	1.0	1.0	5.0	11.0
simulated_855	0.0	1.0	2.0	2.0	12.0
simulated_856	0.0	3.0	3.0	6.0	13.0
simulated_857	0.0	3.0	0.0	4.0	13.0
simulated_858	0.0	5.0	1.0	3.0	12.0
simulated_859	0.0	3.0	0.0	3.0	9.0
simulated_860	0.0	3.0	1.0	5.0	15.0
simulated_861	0.0	3.0	0.0	2.0	14.0
simulated_862	0.0	2.0	2.0	2.0	18.0
simulated_863	0.0	3.0	1.0	4.0	8.0
simulated_864	0.0	4.0	1.0	3.0	8.0
simulated_865	0.0	3.0	0.0	2.0	6.0
simulated_866	0.0	2.0	0.0	4.0	11.0
simulated_867	0.0	2.0	2.0	2.0	15.0
simulated_868	0.0	3.0	2.0	4.0	11.0
simulated_869	0.0	5.0	2.0	0.0	13.0
simulated_870	0.0	4.0	0.0	9.0	16.0
simulated_871	0.0	4.0	2.0	3.0	14.0
simulated_872	0.0	1.0	2.0	2.0	8.0
simulated_873	0.0	2.0	1.0	1.0	20.0
simulated_874	0.0	5.0	0.0	7.0	8.0
simulated_875	0.0	2.0	2.0	3.0	18.0
simulated_876	0.0	1.0	1.0	4.0	12.0
simulated_877	0.0	2.0	2.0	2.0	16.0
simulated_878	0.0	10.0	0.0	3.0	3.0
simulated_879	0.0	3.0	1.0	4.0	16.0
simulated_880	0.0	1.0	2.0	4.0	21.0
simulated_881	0.0	2.0	0.0	3.0	24.0
simulated_882	0.0	3.0	0.0	5.0	15.0
simulated_883	0.0	4.0	4.0	1.0	12.0
simulated_884	0.0	3.0	1.0	2.0	17.0
simulated_885	0.0	2.0	2.0	7.0	12.0
simulated_886	0.0	3.0	0.0	2.0	15.0
simulated_887	0.0	5.0	2.0	2.0	11.0
simulated_888	0.0	4.0	0.0	2.0	11.0
simulated_889	0.0	7.0	1.0	7.0	4.0
simulated_890	0.0	3.0	0.0	4.0	12.0
simulated_891	0.0	1.0	1.0	3.0	16.0
simulated_892	0.0	5.0	0.0	6.0	9.0
simulated_893	0.0	4.0	0.0	8.0	8.0
simulated_894	0.0	3.0	1.0	4.0	16.0
simulated_895	0.0	4.0	3.0	2.0	19.0
simulated_896	0.0	6.0	1.0	5.0	14.0
simulated_897	0.0	1.0	3.0	2.0	13.0
simulated_898	0.0	3.0	2.0	5.0	14.0
simulated_899	0.0	3.0	2.0	1.0	10.0
simulated_900	0.0	4.0	0.0	2.0	14.0
simulated_901	0.0	3.0	4.0	3.0	8.0
simulated_902	0.0	3.0	1.0	3.0	9.0
simulated_903	0.0	6.0	1.0	2.0	8.0
simulated_904	0.0	4.0	1.0	5.0	15.0
simulated_905	0.0	5.0	2.0	1.0	14.0
simulated_906	0.0	4.0	3.0	3.0	19.0
simulated_907	0.0	6.0	2.0	4.0	14.0
simulated_908	0.0	3.0	0.0	1.0	13.0
simulated_909	0.0	2.0	1.0	2.0	10.0
simulated_910	0.0	3.0	1.0	3.0	14.0
simulated_911	0.0	5.0	0.0	6.0	11.0
simulated_912	0.0	3.0	0.0	8.0	15.0
simulated_913	0.0	4.0	3.0	5.0	12.0
simulated_914	0.0	4.0	0.0	3.0	13.0
simulated_915	0.0	2.0	0.0	4.0	15.0
simulated_916	0.0	2.0	3.0	2.0	9.0
simulated_917	0.0	2.0	2.0	5.0	18.0
simulated_918	0.0	3.0	2.0	6.0	14.0
simulated_919	0.0	4.0	0.0	2.0	14.0
simulated_920	0.0	1.0	1.0	3.0	14.0
simulated_921	0.0	1.0	1.0	2.0	13.0
simulated_922	0.0	4.0	2.0	3.0	7.0
simulated_923	0.0	3.0	0.0	6.0	14.0
simulated_924	0.0	3.0	3.0	5.0	11.0
simulated_925	0.0	4.0	2.0	2.0	19.0
simulated_926	0.0	1.0	1.0	2.0	5.0
simulated_927	0.0	1.0	1.0	5.0	14.0
simulated_928	0.0	3.0	2.0	4.0	9.0
simulated_929	0.0	2.0	3.0	5.0	7.0
simulated_930	0.0	1.0	0.0	3.0	12.0
simulated_931	0.0	2.0	2.0	3.0	9.0
simulated_932	0.0	3.0	3.0	6.0	17.0
simulated_933	0.0	3.0	1.0	5.0	14.0
simulated_934	0.0	5.0	0.0	5.0	13.0
simulated_935	0.0	5.0	0.0	4.0	16.0
simulated_936	0.0	3.0	0.0	4.0	14.0
simulated_937	0.0	3.0	1.0	3.0	16.0
simulated_938	0.0	1.0	0.0	3.0	10.0
simulated_939	0.0	2.0	2.0	5.0	15.0
simulated_940	0.0	4.0	2.0	2.0	8.0
simulated_941	0.0	1.0	2.0	4.0	14.0
simulated_942	0.0	3.0	0.0	6.0	18.0
simulated_943	0.0	4.0	2.0	3.0	12.0
simulated_944	0.0	3.0	2.0	4.0	14.0
simulated_945	0.0	3.0	3.0	4.0	10.0
simulated_946	0.0	1.0	0.0	3.0	11.0
simulated_947	0.0	5.0	1.0	1.0	13.0
simulated_948	0.0	0.0	2.0	3.0	16.0
simulated_949	0.0	2.0	1.0	3.0	13.0
simulated_950	0.0	1.0	0.0	4.0	14.0
simulated_951	0.0	8.0	0.0	9.0	14.0
simulated_952	0.0	2.0	2.0	2.0	14.0
simulated_953	0.0	2.0	1.0	3.0	12.0
simulated_954	0.0	2.0	2.0	5.0	14.0
simulated_955	0.0	4.0	0.0	2.0	8.0
simulated_956	0.0	6.0	1.0	2.0	16.0
simulated_957	0.0	2.0	2.0	2.0	12.0
simulated_958	0.0	3.0	1.0	4.0	10.0
simulated_959	0.0	3.0	1.0	6.0	11.0
simulated_960	0.0	3.0	1.0	9.0	7.0
simulated_961	0.0	3.0	1.0	3.0	12.0
simulated_962	0.0	3.0	0.0	8.0	12.0
simulated_963	0.0	2.0	3.0	3.0	5.0
simulated_964	0.0	2.0	2.0	2.0	10.0
simulated_965	0.0	5.0	0.0	3.0	16.0
simulated_966	0.0	6.0	0.0	1.0	26.0
simulated_967	0.0	3.0	0.0	2.0	13.0
simulated_968	0.0	3.0	1.0	6.0	18.0
simulated_969	0.0	4.0	1.0	1.0	11.0
simulated_970	0.0	1.0	0.0	5.0	12.0
simulated_971	0.0	2.0	0.0	1.0	14.0
simulated_972	0.0	3.0	2.0	2.0	13.0
simulated_973	0.0	1.0	0.0	8.0	10.0
simulated_974	0.0	3.0	2.0	3.0	12.0
simulated_975	0.0	6.0	2.0	3.0	11.0
simulated_976	0.0	4.0	1.0	2.0	6.0
simulated_977	0.0	2.0	3.0	8.0	20.0
simulated_978	0.0	2.0	2.0	3.0	13.0
simulated_979	0.0	2.0	5.0	4.0	12.0
simulated_980	0.0	7.0	2.0	5.0	10.0
simulated_981	0.0	1.0	0.0	3.0	9.0
simulated_982	0.0	3.0	1.0	6.0	10.0
simulated_983	0.0	2.0	4.0	3.0	13.0
simulated_984	0.0	5.0	1.0	5.0	12.0
simulated_985	0.0	2.0	1.0	5.0	17.0
simulated_986	0.0	1.0	0.0	3.0	14.0
simulated_987	0.0	1.0	2.0	9.0	9.0
simulated_988	0.0	1.0	0.0	3.0	9.0
simulated_989	0.0	3.0	1.0	3.0	13.0
simulated_990	0.0	3.0	3.0	3.0	12.0
simulated_991	0.0	3.0	2.0	2.0	10.0
simulated_992	0.0	2.0	3.0	1.0	14.0
simulated_993	0.0	2.0	4.0	1.0	13.0
simulated_994	0.0	4.0	1.0	4.0	17.0
simulated_995	0.0	3.0	2.0	10.0	15.0
simulated_996	0.0	2.0	1.0	2.0	13.0
simulated_997	0.0	1.0	2.0	3.0	12.0
simulated_998	0.0	6.0	2.0	4.0	18.0
simulated_999	0.0	2.0	2.0	5.0	10.0
simulated_1000	0.0	2.0	1.0	7.0	14.0
